Model,Avg_AUROC,Avg_AUPRC,Avg_F4,FinalDay_Morning_AUROC,FinalDay_Morning_AUPRC,FinalDay_Morning_F4,FinalDay_Rest_AUROC,FinalDay_Rest_AUPRC,FinalDay_Rest_F4
Transformer+OCSVM,0.9246564576547123,0.8966877061182681,0.950125745968638,0.9998773556986101,0.999874720957275,0.9459086844324076,0.998061998318539,0.9963287377307061,0.9674436572031562
PRAE,0.99556761201472,0.9965905384021715,0.9753366440922865,1.0,1.0000000000000002,1.0,1.0,1.0,1.0
PNN,0.560518776501446,0.5518298973866612,0.006914221970203556,0.5,0.5,0.0,0.5,0.5,0.0
